symbol,beijing_time
AGLD/USDT:USDT,2025-08-28 22:35:01
AIXBT/USDT:USDT,2025-08-28 22:35:01
ANIME/USDT:USDT,2025-08-28 22:35:01
APT/USDT:USDT,2025-08-28 22:35:01
AR/USDT:USDT,2025-08-28 22:35:01
ARKM/USDT:USDT,2025-08-28 22:35:01
ATH/USDT:USDT,2025-08-28 22:35:01
BRETT/USDT:USDT,2025-08-28 22:35:01
CELO/USDT:USDT,2025-08-28 22:35:01
CHZ/USDT:USDT,2025-08-28 22:35:01
COOKIE/USDT:USDT,2025-08-28 22:35:01
DYDX/USDT:USDT,2025-08-28 22:35:01
EIGEN/USDT:USDT,2025-08-28 22:35:01
ETC/USDT:USDT,2025-08-28 22:35:01
FLOKI/USDT:USDT,2025-08-28 22:35:01
GALA/USDT:USDT,2025-08-28 22:35:01
GRASS/USDT:USDT,2025-08-28 22:35:01
ICP/USDT:USDT,2025-08-28 22:35:01
INJ/USDT:USDT,2025-08-28 22:35:01
JOE/USDT:USDT,2025-08-28 22:35:01
LAYER/USDT:USDT,2025-08-28 22:35:01
LUNC/USDT:USDT,2025-08-28 22:35:01
ME/USDT:USDT,2025-08-28 22:35:01
MINA/USDT:USDT,2025-08-28 22:35:01
NEIRO/USDT:USDT,2025-08-28 22:35:01
